<?xml version="1.0" encoding="utf-8" ?>
<rss version="2.0">
<channel>
<title>双均项目</title>
<link>http://127.0.0.1/xiangmu/</link>
<description>双均项目</description>
<language>zh-cn</language>
<generator><![CDATA[Copyright &amp;copy; 2002-2011 DEDECMS. 织梦科技 版权所有 &lt;a href=http://www.dedecms.com target='_blank'&gt;Power by DedeCms&lt;/a&gt;]]></generator>
<webmaster>desdev@vip.qq.com</webmaster>
<item>
    <title><![CDATA[水光注射]]></title>
    <link>http://127.0.0.1/xiangmu/pifu/6.html</link>
    <description><![CDATA[水光注射 是的，想要肌肤由内而外的补充水分，水光针无疑是好的选择。 各种肌肤问题都可以做水光 双均水光针治疗原理 治疗前，干燥缺水的问题肌肤。 进口31G极细5针头注射仪，将]]></description>
    <pubDate>2016-09-02</pubDate>
    <category>皮肤美容</category>
    <author>admin</author>
    <comments>未知</comments>
</item>
<item>
    <title><![CDATA[美国像束激光]]></title>
    <link>http://127.0.0.1/xiangmu/5.html</link>
    <description><![CDATA[适应人群 痤疮疤痕：痤疮后的痘坑及外伤遗留下的疤痕； 色素沉着：部分黄褐斑，晒斑及其它色斑； 皮肤晦暗：皮肤颜色不均，发黄； 细小皱纹：眼周、面部细小皱纹； 毛孔粗大：]]></description>
    <pubDate>2016-09-01</pubDate>
    <category>双均项目</category>
    <author>admin</author>
    <comments>未知</comments>
</item>

</channel>
</rss>
