<?xml version="1.0" encoding="utf-8" ?>
<rss version="2.0">
<channel>
<title>皮肤美容</title>
<link>http://127.0.0.1/xiangmu/pifu/</link>
<description>双均项目 / 皮肤美容</description>
<language>zh-cn</language>
<generator><![CDATA[Copyright &amp;copy; 2002-2011 DEDECMS. 织梦科技 版权所有 &lt;a href=http://www.dedecms.com target='_blank'&gt;Power by DedeCms&lt;/a&gt;]]></generator>
<webmaster>desdev@vip.qq.com</webmaster>
<item>
    <title><![CDATA[水光注射]]></title>
    <link>http://127.0.0.1/xiangmu/pifu/6.html</link>
    <description><![CDATA[水光注射 是的，想要肌肤由内而外的补充水分，水光针无疑是好的选择。 各种肌肤问题都可以做水光 双均水光针治疗原理 治疗前，干燥缺水的问题肌肤。 进口31G极细5针头注射仪，将]]></description>
    <pubDate>2016-09-02</pubDate>
    <category>皮肤美容</category>
    <author>admin</author>
    <comments>未知</comments>
</item>

</channel>
</rss>
