<?xml version="1.0" encoding="utf-8" ?>
<rss version="2.0">
<channel>
<title>双均品牌</title>
<link>http://127.0.0.1/pinpai/</link>
<description>双均品牌</description>
<language>zh-cn</language>
<generator><![CDATA[Copyright &amp;copy; 2002-2011 DEDECMS. 织梦科技 版权所有 &lt;a href=http://www.dedecms.com target='_blank'&gt;Power by DedeCms&lt;/a&gt;]]></generator>
<webmaster>desdev@vip.qq.com</webmaster>
<item>
    <title><![CDATA[双均品牌]]></title>
    <link>http://127.0.0.1/pinpai/1.html</link>
    <description><![CDATA[你很美，但可以更美。 四川双均美容有限公司，坐落于达州市通川区红旗路9号面积2000平方米。 集医学整形、美容、抗衰、中医养生、芳香SPA水疗为一体的综合性医疗及美容会所，品质]]></description>
    <pubDate>2016-09-01</pubDate>
    <category>双均品牌</category>
    <author>admin</author>
    <comments>未知</comments>
</item>

</channel>
</rss>
