<?xml version="1.0" encoding="utf-8" ?>
<rss version="2.0">
<channel>
<title>双均医师</title>
<link>http://127.0.0.1/yishi/</link>
<description>双均医师</description>
<language>zh-cn</language>
<generator><![CDATA[Copyright &amp;copy; 2002-2011 DEDECMS. 织梦科技 版权所有 &lt;a href=http://www.dedecms.com target='_blank'&gt;Power by DedeCms&lt;/a&gt;]]></generator>
<webmaster>desdev@vip.qq.com</webmaster>
<item>
    <title><![CDATA[双均医师]]></title>
    <link>http://127.0.0.1/yishi/2.html</link>
    <description><![CDATA[职称： 美容外科主任医师，达州市政协委员，达州美容美发协会会长，中国医师协会美容与整形医师分会专科会员 擅长项目： 经历：1987年毕业于成都中医学院，曾在成都军区总医院、]]></description>
    <pubDate>2016-09-01</pubDate>
    <category>双均医师</category>
    <author>admin</author>
    <comments>未知</comments>
</item>

</channel>
</rss>
