<?xml version="1.0" encoding="utf-8" ?>
<rss version="2.0">
<channel>
<title>双均动态</title>
<link>http://127.0.0.1/dongtai/</link>
<description>双均动态</description>
<language>zh-cn</language>
<generator><![CDATA[Copyright &amp;copy; 2002-2011 DEDECMS. 织梦科技 版权所有 &lt;a href=http://www.dedecms.com target='_blank'&gt;Power by DedeCms&lt;/a&gt;]]></generator>
<webmaster>desdev@vip.qq.com</webmaster>
<item>
    <title><![CDATA[师生整形季，双均暑“价”行动 美丽大变身]]></title>
    <link>http://127.0.0.1/dongtai/4.html</link>
    <description><![CDATA[]]></description>
    <pubDate>2016-09-01</pubDate>
    <category>双均动态</category>
    <author>admin</author>
    <comments>未知</comments>
</item>

</channel>
</rss>
